{"cameraMode":{"drawMode":0,"name":"Shaded","section":"Shading Mode"},"sceneLighting":false,"audioPlay":false,"sceneViewState":{"showFog":true,"showMaterialUpdate":false,"showSkybox":false,"showFlares":true,"showImageEffects":true,"showParticleSystems":true},"in2DMode":false,"pivot":{"x":-0.3635275363922119,"y":2.0540618896484377,"z":-0.4436677396297455},"rotation":{"x":-0.09012230485677719,"y":0.6843670606613159,"z":-0.08588159084320069,"w":-0.7184682488441467},"size":4.4209418296813969,"orthographic":false}