{"cameraMode":{"drawMode":0,"name":"Shaded","section":"Shading Mode"},"sceneLighting":true,"audioPlay":false,"sceneViewState":{"showFog":true,"showMaterialUpdate":false,"showSkybox":true,"showFlares":true,"showImageEffects":true,"showParticleSystems":true},"in2DMode":false,"pivot":{"x":463.82373046875,"y":285.09033203125,"z":0.0},"rotation":{"x":-0.013807603158056736,"y":-0.014400918036699295,"z":0.00019895177683793008,"w":-0.9998024106025696},"size":729.9766235351563,"orthographic":false}